,Petroleo_Brent,Ouro
2019-01-02,54.90999984741211,1281.0
2019-01-03,55.95000076293945,1291.800048828125
2019-01-04,57.060001373291016,1282.699951171875
2019-01-07,57.33000183105469,1286.800048828125
2019-01-08,58.720001220703125,1283.199951171875
2019-01-09,61.439998626708984,1289.300048828125
2019-01-10,61.68000030517578,1284.699951171875
2019-01-11,60.47999954223633,1287.0999755859375
2019-01-14,58.9900016784668,1289.0999755859375
2019-01-15,60.63999938964844,1286.199951171875
2019-01-16,61.31999969482422,1291.5999755859375
2019-01-17,61.18000030517578,1291.0
2019-01-18,62.70000076293945,1281.300048828125
2019-01-22,61.5,1282.5
2019-01-23,61.13999938964844,1283.0999755859375
2019-01-24,61.09000015258789,1279.0999755859375
2019-01-25,61.63999938964844,1297.4000244140625
2019-01-28,59.93000030517578,1302.4000244140625
2019-01-29,61.31999969482422,1308.199951171875
2019-01-30,61.650001525878906,1309.9000244140625
2019-01-31,61.88999938964844,1319.699951171875
2019-02-01,61.869998931884766,1316.9000244140625
2019-02-04,62.5099983215332,1314.300048828125
2019-02-05,61.97999954223633,1314.199951171875
2019-02-06,62.689998626708984,1309.5
2019-02-07,61.630001068115234,1309.4000244140625
2019-02-08,62.099998474121094,1313.699951171875
2019-02-11,61.5099983215332,1307.0
2019-02-12,62.41999816894531,1309.199951171875
2019-02-13,63.61000061035156,1310.800048828125
2019-02-14,64.56999969482422,1309.800048828125
2019-02-15,66.25,1318.0999755859375
2019-02-19,66.44999694824219,1340.0999755859375
2019-02-20,67.08000183105469,1343.300048828125
2019-02-21,67.06999969482422,1323.5
2019-02-22,67.12000274658203,1329.199951171875
2019-02-25,64.76000213623047,1325.9000244140625
2019-02-26,65.20999908447266,1325.0999755859375
2019-02-27,66.38999938964844,1317.699951171875
2019-02-28,66.02999877929688,1312.800048828125
2019-03-01,65.06999969482422,1296.4000244140625
2019-03-04,65.66999816894531,1284.800048828125
2019-03-05,65.86000061035156,1282.0
2019-03-06,65.98999786376953,1284.9000244140625
2019-03-07,66.30000305175781,1283.800048828125
2019-03-08,65.73999786376953,1297.0
2019-03-11,66.58000183105469,1288.800048828125
2019-03-12,66.66999816894531,1296.300048828125
2019-03-13,67.55000305175781,1307.5
2019-03-14,67.2300033569336,1293.4000244140625
2019-03-15,67.16000366210938,1301.800048828125
2019-03-18,67.54000091552734,1300.300048828125
2019-03-19,67.61000061035156,1305.0
2019-03-20,68.5,1300.5
2019-03-21,67.86000061035156,1306.0999755859375
2019-03-22,67.02999877929688,1311.5999755859375
2019-03-25,67.20999908447266,1321.9000244140625
2019-03-26,67.97000122070312,1314.300048828125
2019-03-27,67.83000183105469,1309.9000244140625
2019-03-28,67.81999969482422,1289.800048828125
2019-03-29,68.38999938964844,1293.0
2019-04-01,69.01000213623047,1288.4000244140625
2019-04-02,69.37000274658203,1290.0
2019-04-03,69.30999755859375,1289.9000244140625
2019-04-04,69.4000015258789,1289.0
2019-04-05,70.33999633789062,1290.4000244140625
2019-04-08,71.0999984741211,1297.0999755859375
2019-04-09,70.61000061035156,1303.5
2019-04-10,71.7300033569336,1309.0999755859375
2019-04-11,70.83000183105469,1288.5999755859375
2019-04-12,71.55000305175781,1290.5999755859375
2019-04-15,71.18000030517578,1286.800048828125
2019-04-16,71.72000122070312,1272.5999755859375
2019-04-17,71.62000274658203,1272.199951171875
2019-04-18,71.97000122070312,1271.9000244140625
2019-04-22,74.04000091552734,1273.5
2019-04-23,74.51000213623047,1269.300048828125
2019-04-24,74.56999969482422,1275.5
2019-04-25,74.3499984741211,1275.800048828125
2019-04-26,72.1500015258789,1284.9000244140625
2019-04-29,72.04000091552734,1278.5999755859375
2019-04-30,72.80000305175781,1282.800048828125
2019-05-01,72.18000030517578,1281.4000244140625
2019-05-02,70.75,1269.699951171875
2019-05-03,70.8499984741211,1279.199951171875
2019-05-06,71.23999786376953,1281.699951171875
2019-05-07,69.87999725341797,1283.5
2019-05-08,70.37000274658203,1279.4000244140625
2019-05-09,70.38999938964844,1283.5
2019-05-10,70.62000274658203,1285.699951171875
2019-05-13,70.2300033569336,1300.0999755859375
2019-05-14,71.23999786376953,1294.699951171875
2019-05-15,71.7699966430664,1296.300048828125
2019-05-16,72.62000274658203,1285.0
2019-05-17,72.20999908447266,1274.5
2019-05-20,71.97000122070312,1276.0999755859375
2019-05-21,72.18000030517578,1272.0
2019-05-22,70.98999786376953,1273.5999755859375
2019-05-23,67.76000213623047,1284.800048828125
2019-05-24,68.69000244140625,1283.0
2019-05-28,70.11000061035156,1276.5
2019-05-29,69.44999694824219,1280.5999755859375
2019-05-30,66.87000274658203,1287.0999755859375
2019-05-31,64.48999786376953,1305.800048828125
2019-06-03,61.279998779296875,1322.699951171875
2019-06-04,61.970001220703125,1323.4000244140625
2019-06-05,60.630001068115234,1328.300048828125
2019-06-06,61.66999816894531,1337.5999755859375
2019-06-07,63.290000915527344,1341.199951171875
2019-06-10,62.290000915527344,1324.699951171875
2019-06-11,62.290000915527344,1326.4000244140625
2019-06-12,59.970001220703125,1331.9000244140625
2019-06-13,61.310001373291016,1339.199951171875
2019-06-14,62.0099983215332,1340.0999755859375
2019-06-17,60.939998626708984,1338.699951171875
2019-06-18,62.13999938964844,1346.5999755859375
2019-06-19,61.81999969482422,1344.5999755859375
2019-06-20,64.44999694824219,1392.9000244140625
2019-06-21,65.19999694824219,1396.199951171875
2019-06-24,64.86000061035156,1414.300048828125
2019-06-25,65.05000305175781,1414.9000244140625
2019-06-26,66.48999786376953,1411.5999755859375
2019-06-27,66.55000305175781,1408.4000244140625
2019-06-28,66.55000305175781,1409.699951171875
2019-07-01,65.05999755859375,1385.5999755859375
2019-07-02,62.400001525878906,1404.5999755859375
2019-07-03,63.81999969482422,1417.699951171875
2019-07-05,64.2300033569336,1396.699951171875
2019-07-08,64.11000061035156,1397.0
2019-07-09,64.16000366210938,1397.5
2019-07-10,67.01000213623047,1410.0999755859375
2019-07-11,66.5199966430664,1404.300048828125
2019-07-12,66.72000122070312,1409.9000244140625
2019-07-15,66.4800033569336,1411.4000244140625
2019-07-16,64.3499984741211,1409.199951171875
2019-07-17,63.65999984741211,1421.300048828125
2019-07-18,61.93000030517578,1426.0999755859375
2019-07-19,62.470001220703125,1425.0999755859375
2019-07-22,63.2599983215332,1425.300048828125
2019-07-23,63.83000183105469,1420.0999755859375
2019-07-24,63.18000030517578,1422.800048828125
2019-07-25,63.38999938964844,1413.9000244140625
2019-07-26,63.459999084472656,1418.5
2019-07-29,63.709999084472656,1419.5999755859375
2019-07-30,64.72000122070312,1429.699951171875
2019-07-31,65.16999816894531,1426.0999755859375
2019-08-01,60.5,1420.9000244140625
2019-08-02,61.88999938964844,1445.5999755859375
2019-08-05,59.810001373291016,1464.5999755859375
2019-08-06,58.939998626708984,1472.4000244140625
2019-08-07,56.22999954223633,1507.300048828125
2019-08-08,57.380001068115234,1497.699951171875
2019-08-09,58.529998779296875,1496.5999755859375
2019-08-12,58.56999969482422,1505.300048828125
2019-08-13,61.29999923706055,1502.199951171875
2019-08-14,59.47999954223633,1515.9000244140625
2019-08-15,58.22999954223633,1519.5999755859375
2019-08-16,58.63999938964844,1512.5
2019-08-19,59.7400016784668,1500.4000244140625
2019-08-20,60.029998779296875,1504.5999755859375
2019-08-21,60.29999923706055,1504.5999755859375
2019-08-22,59.91999816894531,1497.300048828125
2019-08-23,59.34000015258789,1526.5999755859375
2019-08-26,58.70000076293945,1526.300048828125
2019-08-27,59.5099983215332,1541.0
2019-08-28,60.4900016784668,1537.800048828125
2019-08-29,61.08000183105469,1526.5
2019-08-30,60.43000030517578,1519.0999755859375
2019-09-03,58.2599983215332,1545.9000244140625
2019-09-04,60.70000076293945,1550.300048828125
2019-09-05,60.95000076293945,1515.4000244140625
2019-09-06,61.540000915527344,1506.199951171875
2019-09-09,62.59000015258789,1502.199951171875
2019-09-10,62.380001068115234,1490.300048828125
2019-09-11,60.810001373291016,1494.4000244140625
2019-09-12,60.380001068115234,1498.699951171875
2019-09-13,60.220001220703125,1490.9000244140625
2019-09-16,69.0199966430664,1503.0999755859375
2019-09-17,64.55000305175781,1505.0999755859375
2019-09-18,63.599998474121094,1507.5
2019-09-19,64.4000015258789,1498.4000244140625
2019-09-20,64.27999877929688,1507.300048828125
2019-09-23,64.7699966430664,1523.699951171875
2019-09-24,63.099998474121094,1532.0999755859375
2019-09-25,62.38999938964844,1504.5999755859375
2019-09-26,62.7400016784668,1507.5
2019-09-27,61.90999984741211,1499.0999755859375
2019-09-30,60.779998779296875,1465.699951171875
2019-10-01,58.88999938964844,1482.0
2019-10-02,57.689998626708984,1501.0
2019-10-03,57.709999084472656,1507.0999755859375
2019-10-04,58.369998931884766,1506.199951171875
2019-10-07,58.349998474121094,1497.699951171875
2019-10-08,58.2400016784668,1497.199951171875
2019-10-09,58.31999969482422,1506.0999755859375
2019-10-10,59.099998474121094,1494.800048828125
2019-10-11,60.5099983215332,1482.699951171875
2019-10-14,59.349998474121094,1491.699951171875
2019-10-15,58.7400016784668,1477.5999755859375
2019-10-16,59.41999816894531,1488.0
2019-10-17,59.90999984741211,1492.300048828125
2019-10-18,59.41999816894531,1488.199951171875
2019-10-21,58.959999084472656,1482.4000244140625
2019-10-22,59.70000076293945,1481.699951171875
2019-10-23,61.16999816894531,1489.9000244140625
2019-10-24,61.66999816894531,1498.9000244140625
2019-10-25,62.02000045776367,1499.5
2019-10-28,61.56999969482422,1490.0
2019-10-29,61.59000015258789,1487.0
2019-10-30,60.61000061035156,1493.199951171875
2019-10-31,60.22999954223633,1511.4000244140625
2019-11-01,61.689998626708984,1508.0
2019-11-04,62.130001068115234,1508.0
2019-11-05,62.959999084472656,1480.800048828125
2019-11-06,61.7400016784668,1490.199951171875
2019-11-07,62.290000915527344,1464.199951171875
2019-11-08,62.5099983215332,1461.300048828125
2019-11-11,62.18000030517578,1455.5
2019-11-12,62.060001373291016,1452.0999755859375
2019-11-13,62.369998931884766,1461.699951171875
2019-11-14,62.279998779296875,1471.800048828125
2019-11-15,63.29999923706055,1467.300048828125
2019-11-18,62.439998626708984,1470.9000244140625
2019-11-19,60.90999984741211,1473.300048828125
2019-11-20,62.400001525878906,1473.300048828125
2019-11-21,63.970001220703125,1463.0999755859375
2019-11-22,63.38999938964844,1463.0999755859375
2019-11-25,63.650001525878906,1456.5999755859375
2019-11-26,64.2699966430664,1459.800048828125
2019-11-27,64.05999755859375,1453.4000244140625
2019-11-29,62.43000030517578,1465.5999755859375
2019-12-02,60.91999816894531,1462.300048828125
2019-12-03,60.81999969482422,1478.199951171875
2019-12-04,63.0,1474.0
2019-12-05,63.38999938964844,1476.9000244140625
2019-12-06,64.38999938964844,1459.0999755859375
2019-12-09,64.25,1459.300048828125
2019-12-10,64.33999633789062,1462.5999755859375
2019-12-11,63.720001220703125,1469.4000244140625
2019-12-12,64.19999694824219,1466.699951171875
2019-12-13,65.22000122070312,1475.5999755859375
2019-12-16,65.33999633789062,1475.0
2019-12-17,66.0999984741211,1474.5999755859375
2019-12-18,66.16999816894531,1472.5999755859375
2019-12-19,66.54000091552734,1478.199951171875
2019-12-20,66.13999938964844,1474.699951171875
2019-12-23,66.38999938964844,1482.5
2019-12-24,67.19999694824219,1499.0999755859375
2019-12-26,67.91999816894531,1509.300048828125
2019-12-27,68.16000366210938,1513.800048828125
2019-12-30,68.44000244140625,1514.5
2019-12-31,66.0,1519.5
2020-01-02,66.25,1524.5
2020-01-03,68.5999984741211,1549.199951171875
2020-01-06,68.91000366210938,1566.199951171875
2020-01-07,68.2699966430664,1571.800048828125
2020-01-08,65.44000244140625,1557.4000244140625
2020-01-09,65.37000274658203,1551.699951171875
2020-01-10,64.9800033569336,1557.5
2020-01-13,64.19999694824219,1548.4000244140625
2020-01-14,64.48999786376953,1542.4000244140625
2020-01-15,64.0,1552.0999755859375
2020-01-16,64.62000274658203,1549.0
2020-01-17,64.8499984741211,1558.800048828125
2020-01-21,64.58999633789062,1556.4000244140625
2020-01-22,63.209999084472656,1555.300048828125
2020-01-23,62.040000915527344,1564.5999755859375
2020-01-24,60.689998626708984,1571.0999755859375
2020-01-27,59.31999969482422,1576.800048828125
2020-01-28,59.5099983215332,1569.199951171875
2020-01-29,59.810001373291016,1569.800048828125
2020-01-30,58.290000915527344,1583.5
2020-01-31,58.15999984741211,1582.9000244140625
2020-02-03,54.45000076293945,1577.199951171875
2020-02-04,53.959999084472656,1550.4000244140625
2020-02-05,55.279998779296875,1557.800048828125
2020-02-06,54.93000030517578,1565.0999755859375
2020-02-07,54.470001220703125,1568.5999755859375
2020-02-10,53.27000045776367,1574.699951171875
2020-02-11,54.0099983215332,1565.5999755859375
2020-02-12,55.790000915527344,1567.4000244140625
2020-02-13,56.34000015258789,1575.0999755859375
2020-02-14,57.31999969482422,1582.699951171875
2020-02-18,57.75,1600.0
2020-02-19,59.119998931884766,1607.5
2020-02-20,59.310001373291016,1616.5999755859375
2020-02-21,58.5,1644.5999755859375
2020-02-24,56.29999923706055,1672.4000244140625
2020-02-25,54.95000076293945,1646.9000244140625
2020-02-26,53.43000030517578,1640.0
2020-02-27,52.18000030517578,1640.0
2020-02-28,50.52000045776367,1564.0999755859375
2020-03-02,51.900001525878906,1592.300048828125
2020-03-03,51.86000061035156,1642.0999755859375
2020-03-04,51.130001068115234,1641.0999755859375
2020-03-05,49.9900016784668,1666.4000244140625
2020-03-06,45.27000045776367,1670.800048828125
2020-03-09,34.36000061035156,1674.5
2020-03-10,37.220001220703125,1659.0999755859375
2020-03-11,35.790000915527344,1641.4000244140625
2020-03-12,33.220001220703125,1589.300048828125
2020-03-13,33.849998474121094,1515.699951171875
2020-03-16,30.049999237060547,1485.9000244140625
2020-03-17,28.729999542236328,1524.9000244140625
2020-03-18,24.8799991607666,1477.300048828125
2020-03-19,28.469999313354492,1478.5999755859375
2020-03-20,26.979999542236328,1484.0
2020-03-23,27.030000686645508,1567.0
2020-03-24,27.149999618530273,1660.199951171875
2020-03-25,27.389999389648438,1632.300048828125
2020-03-26,26.34000015258789,1650.0999755859375
2020-03-27,24.93000030517578,1623.9000244140625
2020-03-30,22.760000228881836,1622.0
2020-03-31,22.739999771118164,1583.4000244140625
2020-04-01,24.739999771118164,1578.199951171875
2020-04-02,29.940000534057617,1625.699951171875
2020-04-03,34.11000061035156,1633.699951171875
2020-04-06,33.04999923706055,1677.0
2020-04-07,31.8700008392334,1664.800048828125
2020-04-08,32.84000015258789,1665.4000244140625
2020-04-09,31.479999542236328,1736.199951171875
2020-04-13,31.739999771118164,1744.800048828125
2020-04-14,29.600000381469727,1756.699951171875
2020-04-15,27.690000534057617,1727.199951171875
2020-04-16,27.81999969482422,1720.4000244140625
2020-04-17,28.079999923706055,1689.199951171875
2020-04-20,25.56999969482422,1701.5999755859375
2020-04-21,19.329999923706055,1678.199951171875
2020-04-22,20.3700008392334,1728.699951171875
2020-04-23,21.329999923706055,1733.300048828125
2020-04-24,21.440000534057617,1723.5
2020-04-27,19.989999771118164,1711.9000244140625
2020-04-28,20.459999084472656,1710.5
2020-04-29,22.540000915527344,1703.4000244140625
2020-04-30,25.270000457763672,1684.199951171875
2020-05-01,26.440000534057617,1694.5
2020-05-04,27.200000762939453,1706.9000244140625
2020-05-05,30.969999313354492,1704.4000244140625
2020-05-06,29.719999313354492,1684.199951171875
2020-05-07,29.459999084472656,1721.800048828125
2020-05-08,30.969999313354492,1709.9000244140625
2020-05-11,29.6299991607666,1695.300048828125
2020-05-12,29.979999542236328,1704.4000244140625
2020-05-13,29.190000534057617,1713.9000244140625
2020-05-14,31.1299991607666,1738.0999755859375
2020-05-15,32.5,1753.4000244140625
2020-05-18,34.810001373291016,1731.800048828125
2020-05-19,34.650001525878906,1744.199951171875
2020-05-20,35.75,1750.5999755859375
2020-05-21,36.060001373291016,1720.5
2020-05-22,35.130001068115234,1734.5999755859375
2020-05-26,36.16999816894531,1704.800048828125
2020-05-27,34.7400016784668,1710.300048828125
2020-05-28,35.290000915527344,1713.300048828125
2020-05-29,35.33000183105469,1736.9000244140625
2020-06-01,38.31999969482422,1737.800048828125
2020-06-02,39.56999969482422,1725.199951171875
2020-06-03,39.790000915527344,1697.800048828125
2020-06-04,39.9900016784668,1718.9000244140625
2020-06-05,42.29999923706055,1676.199951171875
2020-06-08,40.79999923706055,1698.300048828125
2020-06-09,41.18000030517578,1714.699951171875
2020-06-10,41.72999954223633,1713.300048828125
2020-06-11,38.54999923706055,1732.0
2020-06-12,38.72999954223633,1729.300048828125
2020-06-15,39.720001220703125,1720.300048828125
2020-06-16,40.959999084472656,1729.5999755859375
2020-06-17,40.709999084472656,1729.199951171875
2020-06-18,41.5099983215332,1724.800048828125
2020-06-19,42.189998626708984,1745.9000244140625
2020-06-22,43.08000183105469,1756.699951171875
2020-06-23,42.630001068115234,1772.0999755859375
2020-06-24,40.310001373291016,1765.800048828125
2020-06-25,41.04999923706055,1762.0999755859375
2020-06-26,41.02000045776367,1772.5
2020-06-29,41.709999084472656,1774.800048828125
2020-06-30,41.150001525878906,1793.0
2020-07-01,42.029998779296875,1773.199951171875
2020-07-02,43.13999938964844,1784.0
2020-07-06,43.099998474121094,1788.5
2020-07-07,43.08000183105469,1804.199951171875
2020-07-08,43.290000915527344,1815.5
2020-07-09,42.349998474121094,1799.199951171875
2020-07-10,43.2400016784668,1798.199951171875
2020-07-13,42.720001220703125,1811.0
2020-07-14,42.900001525878906,1810.5999755859375
2020-07-15,43.790000915527344,1811.4000244140625
2020-07-16,43.369998931884766,1798.699951171875
2020-07-17,43.13999938964844,1808.300048828125
2020-07-20,43.279998779296875,1815.9000244140625
2020-07-21,44.31999969482422,1842.4000244140625
2020-07-22,44.290000915527344,1864.0999755859375
2020-07-23,43.310001373291016,1889.0999755859375
2020-07-24,43.34000015258789,1897.300048828125
2020-07-27,43.40999984741211,1931.0
2020-07-28,43.220001220703125,1944.699951171875
2020-07-29,43.75,1953.5
2020-07-30,42.939998626708984,1942.300048828125
2020-07-31,43.29999923706055,1962.800048828125
2020-08-03,44.150001525878906,1966.0
2020-08-04,44.43000030517578,2001.199951171875
2020-08-05,45.16999816894531,2031.0999755859375
2020-08-06,45.09000015258789,2051.5
2020-08-07,44.400001525878906,2010.0999755859375
2020-08-10,44.9900016784668,2024.4000244140625
2020-08-11,44.5,1932.5999755859375
2020-08-12,45.43000030517578,1934.9000244140625
2020-08-13,44.959999084472656,1956.699951171875
2020-08-14,44.79999923706055,1937.0
2020-08-17,45.369998931884766,1985.0
2020-08-18,45.459999084472656,1999.4000244140625
2020-08-19,45.369998931884766,1958.699951171875
2020-08-20,44.900001525878906,1933.800048828125
2020-08-21,44.349998474121094,1934.5999755859375
2020-08-24,45.130001068115234,1927.699951171875
2020-08-25,45.86000061035156,1911.800048828125
2020-08-26,45.63999938964844,1940.699951171875
2020-08-27,45.09000015258789,1921.5999755859375
2020-08-28,45.04999923706055,1964.5999755859375
2020-08-31,45.279998779296875,1967.5999755859375
2020-09-01,45.58000183105469,1968.199951171875
2020-09-02,44.43000030517578,1934.4000244140625
2020-09-03,44.06999969482422,1927.5999755859375
2020-09-04,42.65999984741211,1923.9000244140625
2020-09-08,39.779998779296875,1933.0
2020-09-09,40.790000915527344,1944.699951171875
2020-09-10,40.060001373291016,1954.199951171875
2020-09-11,39.83000183105469,1937.800048828125
2020-09-14,39.61000061035156,1953.0999755859375
2020-09-15,40.529998779296875,1956.300048828125
2020-09-16,42.220001220703125,1960.199951171875
2020-09-17,43.29999923706055,1940.0
2020-09-18,43.150001525878906,1952.0999755859375
2020-09-21,41.439998626708984,1901.199951171875
2020-09-22,41.720001220703125,1898.5999755859375
2020-09-23,41.77000045776367,1859.9000244140625
2020-09-24,41.939998626708984,1868.300048828125
2020-09-25,41.91999816894531,1857.699951171875
2020-09-28,42.43000030517578,1872.800048828125
2020-09-29,41.029998779296875,1894.300048828125
2020-09-30,40.95000076293945,1887.5
2020-10-01,40.93000030517578,1908.4000244140625
2020-10-02,39.27000045776367,1900.199951171875
2020-10-05,41.290000915527344,1912.5
2020-10-06,42.650001525878906,1901.0999755859375
2020-10-07,41.9900016784668,1883.5999755859375
2020-10-08,43.34000015258789,1888.5999755859375
2020-10-09,42.849998474121094,1919.5
2020-10-12,41.720001220703125,1922.5
2020-10-13,42.45000076293945,1888.5
2020-10-14,43.31999969482422,1901.300048828125
2020-10-15,43.15999984741211,1903.199951171875
2020-10-16,42.93000030517578,1900.800048828125
2020-10-19,42.619998931884766,1906.4000244140625
2020-10-20,43.15999984741211,1910.4000244140625
2020-10-21,41.72999954223633,1924.5999755859375
2020-10-22,42.459999084472656,1901.0999755859375
2020-10-23,41.77000045776367,1902.0
2020-10-26,40.459999084472656,1902.699951171875
2020-10-27,41.20000076293945,1908.800048828125
2020-10-28,39.119998931884766,1876.199951171875
2020-10-29,37.650001525878906,1865.5999755859375
2020-10-30,37.459999084472656,1877.4000244140625
2020-11-02,38.970001220703125,1890.4000244140625
2020-11-03,39.709999084472656,1908.5
2020-11-04,41.22999954223633,1894.5999755859375
2020-11-05,40.93000030517578,1945.300048828125
2020-11-06,39.45000076293945,1950.300048828125
2020-11-09,42.400001525878906,1853.199951171875
2020-11-10,43.61000061035156,1875.4000244140625
2020-11-11,43.79999923706055,1860.699951171875
2020-11-12,43.529998779296875,1872.5999755859375
2020-11-13,42.779998779296875,1885.699951171875
2020-11-16,43.81999969482422,1887.300048828125
2020-11-17,43.75,1884.5
2020-11-18,44.34000015258789,1873.5
2020-11-19,44.20000076293945,1861.0999755859375
2020-11-20,44.959999084472656,1872.5999755859375
2020-11-23,46.060001373291016,1837.800048828125
2020-11-24,47.86000061035156,1804.800048828125
2020-11-25,48.61000061035156,1805.699951171875
2020-11-27,48.18000030517578,1781.9000244140625
2020-11-30,47.59000015258789,1775.699951171875
2020-12-01,47.41999816894531,1814.0999755859375
2020-12-02,48.25,1825.699951171875
2020-12-03,48.709999084472656,1836.800048828125
2020-12-04,49.25,1835.9000244140625
2020-12-07,48.790000915527344,1861.800048828125
2020-12-08,48.84000015258789,1870.800048828125
2020-12-09,48.86000061035156,1834.5999755859375
2020-12-10,50.25,1833.5999755859375
2020-12-11,49.970001220703125,1839.800048828125
2020-12-14,50.290000915527344,1828.699951171875
2020-12-15,50.7599983215332,1852.300048828125
2020-12-16,51.08000183105469,1856.0999755859375
2020-12-17,51.5,1887.199951171875
2020-12-18,52.2599983215332,1885.699951171875
2020-12-21,50.90999984741211,1879.199951171875
2020-12-22,50.08000183105469,1866.5999755859375
2020-12-23,51.20000076293945,1874.699951171875
2020-12-24,51.290000915527344,1879.9000244140625
2020-12-28,50.86000061035156,1877.199951171875
2020-12-29,51.09000015258789,1879.699951171875
2020-12-30,51.34000015258789,1891.0
2020-12-31,51.79999923706055,1893.0999755859375
2021-01-04,51.09000015258789,1944.699951171875
2021-01-05,53.599998474121094,1952.699951171875
2021-01-06,54.29999923706055,1906.9000244140625
2021-01-07,54.380001068115234,1912.300048828125
2021-01-08,55.9900016784668,1834.0999755859375
2021-01-11,55.65999984741211,1849.5999755859375
2021-01-12,56.58000183105469,1842.9000244140625
2021-01-13,56.060001373291016,1853.5999755859375
2021-01-14,56.41999816894531,1850.300048828125
2021-01-15,55.099998474121094,1829.300048828125
2021-01-19,55.900001525878906,1839.5
2021-01-20,56.08000183105469,1865.9000244140625
2021-01-21,56.099998474121094,1865.300048828125
2021-01-22,55.40999984741211,1855.699951171875
2021-01-25,55.880001068115234,1854.9000244140625
2021-01-26,55.90999984741211,1850.699951171875
2021-01-27,55.810001373291016,1844.9000244140625
2021-01-28,55.529998779296875,1837.9000244140625
2021-01-29,55.880001068115234,1847.300048828125
2021-02-01,56.349998474121094,1860.800048828125
2021-02-02,57.459999084472656,1830.5
2021-02-03,58.459999084472656,1832.199951171875
2021-02-04,58.84000015258789,1788.9000244140625
2021-02-05,59.34000015258789,1810.9000244140625
2021-02-08,60.560001373291016,1831.9000244140625
2021-02-09,61.09000015258789,1835.300048828125
2021-02-10,61.470001220703125,1840.5999755859375
2021-02-11,61.13999938964844,1824.9000244140625
2021-02-12,62.43000030517578,1821.5999755859375
2021-02-16,63.349998474121094,1797.199951171875
2021-02-17,64.33999633789062,1771.0999755859375
2021-02-18,63.93000030517578,1773.4000244140625
2021-02-19,62.90999984741211,1775.800048828125
2021-02-22,65.23999786376953,1806.699951171875
2021-02-23,65.37000274658203,1804.4000244140625
2021-02-24,67.04000091552734,1796.4000244140625
2021-02-25,66.87999725341797,1774.4000244140625
2021-02-26,66.12999725341797,1728.0999755859375
2021-03-01,63.689998626708984,1722.5
2021-03-02,62.70000076293945,1733.0999755859375
2021-03-03,64.06999969482422,1715.300048828125
2021-03-04,66.73999786376953,1700.199951171875
2021-03-05,69.36000061035156,1698.0
2021-03-08,68.23999786376953,1677.699951171875
2021-03-09,67.5199966430664,1716.5999755859375
2021-03-10,67.9000015258789,1721.5
2021-03-11,69.62999725341797,1722.300048828125
2021-03-12,69.22000122070312,1719.5
2021-03-15,68.87999725341797,1728.9000244140625
2021-03-16,68.38999938964844,1730.5999755859375
2021-03-17,68.0,1726.800048828125
2021-03-18,63.279998779296875,1732.199951171875
2021-03-19,64.52999877929688,1741.4000244140625
2021-03-22,64.62000274658203,1737.800048828125
2021-03-23,60.790000915527344,1724.699951171875
2021-03-24,64.41000366210938,1732.9000244140625
2021-03-25,61.95000076293945,1724.9000244140625
2021-03-26,64.56999969482422,1732.199951171875
2021-03-29,64.9800033569336,1712.0999755859375
2021-03-30,64.13999938964844,1683.9000244140625
2021-03-31,63.540000915527344,1713.800048828125
2021-04-01,64.86000061035156,1726.5
2021-04-05,62.150001525878906,1727.0
2021-04-06,62.7400016784668,1741.5
2021-04-07,63.15999984741211,1740.0999755859375
2021-04-08,63.20000076293945,1756.800048828125
2021-04-09,62.95000076293945,1743.300048828125
2021-04-12,63.279998779296875,1731.199951171875
2021-04-13,63.66999816894531,1746.199951171875
2021-04-14,66.58000183105469,1734.9000244140625
2021-04-15,66.94000244140625,1765.4000244140625
2021-04-16,66.7699966430664,1779.0
2021-04-19,67.05000305175781,1769.4000244140625
2021-04-20,66.56999969482422,1777.300048828125
2021-04-21,65.31999969482422,1792.300048828125
2021-04-22,65.4000015258789,1781.199951171875
2021-04-23,66.11000061035156,1777.0
2021-04-26,65.6500015258789,1779.199951171875
2021-04-27,66.41999816894531,1778.0
2021-04-28,67.2699966430664,1773.199951171875
2021-04-29,68.55999755859375,1768.0999755859375
2021-04-30,67.25,1767.300048828125
2021-05-03,67.55999755859375,1791.4000244140625
2021-05-04,68.87999725341797,1775.800048828125
2021-05-05,68.95999908447266,1784.0999755859375
2021-05-06,68.08999633789062,1815.5
2021-05-07,68.27999877929688,1831.0999755859375
2021-05-10,68.31999969482422,1837.5
2021-05-11,68.55000305175781,1835.9000244140625
2021-05-12,69.31999969482422,1822.5999755859375
2021-05-13,67.05000305175781,1823.800048828125
2021-05-14,68.70999908447266,1837.9000244140625
2021-05-17,69.45999908447266,1867.5
2021-05-18,68.70999908447266,1867.800048828125
2021-05-19,66.66000366210938,1881.300048828125
2021-05-20,65.11000061035156,1881.800048828125
2021-05-21,66.44000244140625,1876.699951171875
2021-05-24,68.45999908447266,1884.5999755859375
2021-05-25,68.6500015258789,1898.0999755859375
2021-05-26,68.87000274658203,1901.300048828125
2021-05-27,69.45999908447266,1895.699951171875
2021-05-28,69.62999725341797,1902.5
2021-06-01,70.25,1902.9000244140625
2021-06-02,71.3499984741211,1907.5
2021-06-03,71.30999755859375,1871.199951171875
2021-06-04,71.88999938964844,1889.800048828125
2021-06-07,71.48999786376953,1896.800048828125
2021-06-08,72.22000122070312,1892.199951171875
2021-06-09,72.22000122070312,1893.199951171875
2021-06-10,72.5199966430664,1894.199951171875
2021-06-11,72.69000244140625,1877.4000244140625
2021-06-14,72.86000061035156,1864.0
2021-06-15,73.98999786376953,1854.5
2021-06-16,74.38999938964844,1859.5
2021-06-17,73.08000183105469,1773.800048828125
2021-06-18,73.51000213623047,1767.9000244140625
2021-06-21,74.9000015258789,1781.800048828125
2021-06-22,74.80999755859375,1776.300048828125
2021-06-23,75.19000244140625,1782.300048828125
2021-06-24,75.55999755859375,1775.5999755859375
2021-06-25,76.18000030517578,1776.5999755859375
2021-06-28,74.68000030517578,1779.5999755859375
2021-06-29,74.76000213623047,1762.800048828125
2021-06-30,75.12999725341797,1770.800048828125
2021-07-01,75.83999633789062,1775.9000244140625
2021-07-02,76.16999816894531,1782.5999755859375
2021-07-06,74.52999877929688,1793.5
2021-07-07,73.43000030517578,1801.5
2021-07-08,74.12000274658203,1799.5999755859375
2021-07-09,75.55000305175781,1810.0
2021-07-12,75.16000366210938,1805.5
2021-07-13,76.48999786376953,1809.4000244140625
2021-07-14,74.76000213623047,1824.300048828125
2021-07-15,73.47000122070312,1828.4000244140625
2021-07-16,73.58999633789062,1814.5
2021-07-19,68.62000274658203,1808.699951171875
2021-07-20,69.3499984741211,1810.9000244140625
2021-07-21,72.2300033569336,1802.9000244140625
2021-07-22,73.79000091552734,1805.0
2021-07-23,74.0999984741211,1801.4000244140625
2021-07-26,74.5,1798.699951171875
2021-07-27,74.4800033569336,1799.5
2021-07-28,74.73999786376953,1799.5
2021-07-29,76.05000305175781,1831.199951171875
2021-07-30,76.33000183105469,1812.5999755859375
2021-08-02,72.88999938964844,1818.0999755859375
2021-08-03,72.41000366210938,1810.0999755859375
2021-08-04,70.37999725341797,1810.5
2021-08-05,71.29000091552734,1805.0999755859375
2021-08-06,70.69999694824219,1760.0
2021-08-09,69.04000091552734,1723.4000244140625
2021-08-10,70.62999725341797,1728.800048828125
2021-08-11,71.44000244140625,1750.4000244140625
2021-08-12,71.30999755859375,1749.0
2021-08-13,70.58999633789062,1775.199951171875
2021-08-16,69.51000213623047,1786.9000244140625
2021-08-17,69.02999877929688,1785.0
2021-08-18,68.2300033569336,1781.5999755859375
2021-08-19,66.44999694824219,1780.199951171875
2021-08-20,65.18000030517578,1781.0
2021-08-23,68.75,1803.199951171875
2021-08-24,71.05000305175781,1805.5999755859375
2021-08-25,72.25,1788.199951171875
2021-08-26,71.06999969482422,1792.199951171875
2021-08-27,72.69999694824219,1816.5999755859375
2021-08-30,73.41000366210938,1809.0
2021-08-31,72.98999786376953,1815.0
2021-09-01,71.58999633789062,1813.0999755859375
2021-09-02,73.02999877929688,1808.699951171875
2021-09-03,72.61000061035156,1830.9000244140625
2021-09-07,71.69000244140625,1795.9000244140625
2021-09-08,72.5999984741211,1790.699951171875
2021-09-09,71.44999694824219,1797.4000244140625
2021-09-10,72.91999816894531,1789.5999755859375
2021-09-13,73.51000213623047,1792.0
2021-09-14,73.5999984741211,1804.699951171875
2021-09-15,75.45999908447266,1792.4000244140625
2021-09-16,75.66999816894531,1754.5999755859375
2021-09-17,75.33999633789062,1749.4000244140625
2021-09-20,73.91999816894531,1761.800048828125
2021-09-21,74.36000061035156,1776.0
2021-09-22,76.19000244140625,1776.699951171875
2021-09-23,77.25,1747.699951171875
2021-09-24,78.08999633789062,1749.699951171875
2021-09-27,79.52999877929688,1750.0
2021-09-28,79.08999633789062,1735.800048828125
2021-09-29,78.63999938964844,1721.5
2021-09-30,78.5199966430664,1755.300048828125
2021-10-01,79.27999877929688,1757.0
2021-10-04,81.26000213623047,1766.199951171875
2021-10-05,82.55999755859375,1759.5999755859375
2021-10-06,81.08000183105469,1760.5
2021-10-07,81.94999694824219,1757.9000244140625
2021-10-08,82.38999938964844,1756.300048828125
2021-10-11,83.6500015258789,1754.5999755859375
2021-10-12,83.41999816894531,1758.300048828125
2021-10-13,83.18000030517578,1793.699951171875
2021-10-14,84.0,1796.699951171875
2021-10-15,84.86000061035156,1767.199951171875
2021-10-18,84.33000183105469,1764.800048828125
2021-10-19,85.08000183105469,1769.699951171875
2021-10-20,85.81999969482422,1784.0999755859375
2021-10-21,84.61000061035156,1781.199951171875
2021-10-22,85.52999877929688,1795.5
2021-10-25,85.98999786376953,1806.0
2021-10-26,86.4000015258789,1792.699951171875
2021-10-27,84.58000183105469,1797.9000244140625
2021-10-28,84.31999969482422,1801.5999755859375
2021-10-29,84.37999725341797,1783.0
2021-11-01,84.70999908447266,1795.0999755859375
2021-11-02,84.72000122070312,1788.699951171875
2021-11-03,81.98999786376953,1763.5999755859375
2021-11-04,80.54000091552734,1793.0
2021-11-05,82.73999786376953,1816.4000244140625
2021-11-08,83.43000030517578,1827.4000244140625
2021-11-09,84.77999877929688,1830.199951171875
2021-11-10,82.63999938964844,1847.5999755859375
2021-11-11,82.87000274658203,1863.199951171875
2021-11-12,82.16999816894531,1867.9000244140625
2021-11-15,82.05000305175781,1866.0999755859375
2021-11-16,82.43000030517578,1853.5999755859375
2021-11-17,80.27999877929688,1869.699951171875
2021-11-18,81.23999786376953,1861.0
2021-11-19,78.88999938964844,1851.199951171875
2021-11-22,79.69999694824219,1806.0
2021-11-23,82.30999755859375,1783.5
2021-11-24,82.25,1784.0999755859375
2021-11-26,72.72000122070312,1785.300048828125
2021-11-29,73.44000244140625,1782.300048828125
2021-11-30,70.56999969482422,1773.5999755859375
2021-12-01,68.87000274658203,1781.5999755859375
2021-12-02,69.66999816894531,1760.699951171875
2021-12-03,69.87999725341797,1782.0
2021-12-06,73.08000183105469,1777.5
2021-12-07,75.44000244140625,1782.5999755859375
2021-12-08,75.81999969482422,1783.4000244140625
2021-12-09,74.41999816894531,1774.5999755859375
2021-12-10,75.1500015258789,1782.9000244140625
2021-12-13,74.38999938964844,1786.300048828125
2021-12-14,73.69999694824219,1770.4000244140625
2021-12-15,73.87999725341797,1762.5999755859375
2021-12-16,75.0199966430664,1796.5999755859375
2021-12-17,73.5199966430664,1803.800048828125
2021-12-20,71.5199966430664,1793.699951171875
2021-12-21,73.9800033569336,1787.9000244140625
2021-12-22,75.29000091552734,1801.5999755859375
2021-12-23,76.8499984741211,1811.199951171875
2021-12-27,78.5999984741211,1808.0999755859375
2021-12-28,78.94000244140625,1810.199951171875
2021-12-29,79.2300033569336,1805.0999755859375
2021-12-30,79.31999969482422,1812.699951171875
2021-12-31,77.77999877929688,1827.5
2022-01-03,78.9800033569336,1799.4000244140625
2022-01-04,80.0,1814.0
2022-01-05,80.80000305175781,1824.5999755859375
2022-01-06,81.98999786376953,1788.699951171875
2022-01-07,81.75,1797.0
2022-01-10,80.87000274658203,1798.4000244140625
2022-01-11,83.72000122070312,1818.5999755859375
2022-01-12,84.66999816894531,1827.199951171875
2022-01-13,84.47000122070312,1821.199951171875
2022-01-14,86.05999755859375,1816.5
2022-01-18,87.51000213623047,1812.300048828125
2022-01-19,88.44000244140625,1843.0999755859375
2022-01-20,88.37999725341797,1842.5
2022-01-21,87.88999938964844,1831.800048828125
2022-01-24,86.2699966430664,1841.699951171875
2022-01-25,88.19999694824219,1852.699951171875
2022-01-26,89.95999908447266,1829.9000244140625
2022-01-27,89.33999633789062,1793.300048828125
2022-01-28,90.02999877929688,1784.9000244140625
2022-01-31,91.20999908447266,1795.0
2022-02-01,89.16000366210938,1800.300048828125
2022-02-02,89.47000122070312,1809.199951171875
2022-02-03,91.11000061035156,1803.0
2022-02-04,93.2699966430664,1806.5999755859375
2022-02-07,92.69000244140625,1820.5999755859375
2022-02-08,90.77999877929688,1826.5999755859375
2022-02-09,91.55000305175781,1835.199951171875
2022-02-10,91.41000366210938,1836.199951171875
2022-02-11,94.44000244140625,1840.800048828125
2022-02-14,96.4800033569336,1868.0
2022-02-15,93.27999877929688,1854.800048828125
2022-02-16,94.80999755859375,1870.199951171875
2022-02-17,92.97000122070312,1900.699951171875
2022-02-18,93.54000091552734,1898.5999755859375
2022-02-22,96.83999633789062,1906.0999755859375
2022-02-23,96.83999633789062,1909.199951171875
2022-02-24,99.08000183105469,1925.0999755859375
2022-02-25,97.93000030517578,1886.5
2022-02-28,100.98999786376953,1899.4000244140625
2022-03-01,104.97000122070312,1942.4000244140625
2022-03-02,112.93000030517578,1920.9000244140625
2022-03-03,110.45999908447266,1934.4000244140625
2022-03-04,118.11000061035156,1965.0999755859375
2022-03-07,123.20999908447266,1993.9000244140625
2022-03-08,127.9800033569336,2040.0999755859375
2022-03-09,111.13999938964844,1985.9000244140625
2022-03-10,109.33000183105469,1998.0999755859375
2022-03-11,112.66999816894531,1982.699951171875
2022-03-14,106.9000015258789,1959.5999755859375
2022-03-15,99.91000366210938,1928.5
2022-03-16,98.0199966430664,1908.0
2022-03-17,106.63999938964844,1942.0999755859375
2022-03-18,107.93000030517578,1928.199951171875
2022-03-21,115.62000274658203,1928.5999755859375
2022-03-22,115.4800033569336,1920.699951171875
2022-03-23,121.5999984741211,1936.5999755859375
2022-03-24,119.02999877929688,1961.5999755859375
2022-03-25,120.6500015258789,1953.800048828125
2022-03-28,112.4800033569336,1939.5999755859375
2022-03-29,110.2300033569336,1912.0
2022-03-30,113.44999694824219,1933.5
2022-03-31,107.91000366210938,1949.199951171875
2022-04-01,104.38999938964844,1919.0999755859375
2022-04-04,107.52999877929688,1929.199951171875
2022-04-05,106.63999938964844,1922.9000244140625
2022-04-06,101.06999969482422,1918.4000244140625
2022-04-07,100.58000183105469,1933.800048828125
2022-04-08,102.77999877929688,1941.5999755859375
2022-04-11,98.4800033569336,1944.300048828125
2022-04-12,104.63999938964844,1972.0999755859375
2022-04-13,108.77999877929688,1981.0
2022-04-14,111.69999694824219,1970.9000244140625
2022-04-18,113.16000366210938,1982.9000244140625
2022-04-19,107.25,1955.699951171875
2022-04-20,106.80000305175781,1952.300048828125
2022-04-21,108.33000183105469,1944.9000244140625
2022-04-22,106.6500015258789,1931.0
2022-04-25,102.31999969482422,1893.199951171875
2022-04-26,104.98999786376953,1901.4000244140625
2022-04-27,105.31999969482422,1885.9000244140625
2022-04-28,107.58999633789062,1888.699951171875
2022-04-29,109.33999633789062,1909.300048828125
2022-05-02,107.58000183105469,1861.800048828125
2022-05-03,104.97000122070312,1868.800048828125
2022-05-04,110.13999938964844,1867.0
2022-05-05,110.9000015258789,1874.0
2022-05-06,112.38999938964844,1881.199951171875
2022-05-09,105.94000244140625,1857.0999755859375
2022-05-10,102.45999908447266,1839.9000244140625
2022-05-11,107.51000213623047,1852.5999755859375
2022-05-12,107.44999694824219,1823.800048828125
2022-05-13,111.55000305175781,1807.4000244140625
2022-05-16,114.23999786376953,1813.5
2022-05-17,111.93000030517578,1818.199951171875
2022-05-18,109.11000061035156,1815.9000244140625
2022-05-19,112.04000091552734,1841.199951171875
2022-05-20,112.55000305175781,1841.800048828125
2022-05-23,113.41999816894531,1847.800048828125
2022-05-24,113.55999755859375,1865.0999755859375
2022-05-25,114.02999877929688,1846.199951171875
2022-05-26,117.4000015258789,1847.4000244140625
2022-05-27,119.43000030517578,1851.300048828125
2022-05-31,122.83999633789062,1842.699951171875
2022-06-01,116.29000091552734,1843.300048828125
2022-06-02,117.61000061035156,1866.5
2022-06-03,119.72000122070312,1845.4000244140625
2022-06-06,119.51000213623047,1839.199951171875
2022-06-07,120.56999969482422,1847.5
2022-06-08,123.58000183105469,1851.9000244140625
2022-06-09,123.06999969482422,1848.800048828125
2022-06-10,122.01000213623047,1871.5
2022-06-13,122.2699966430664,1828.0
2022-06-14,121.16999816894531,1809.5
2022-06-15,118.51000213623047,1815.300048828125
2022-06-16,119.80999755859375,1845.699951171875
2022-06-17,113.12000274658203,1835.5999755859375
2022-06-21,114.6500015258789,1834.5999755859375
2022-06-22,111.73999786376953,1834.300048828125
2022-06-23,110.05000305175781,1825.699951171875
2022-06-24,113.12000274658203,1826.5
2022-06-27,115.08999633789062,1820.9000244140625
2022-06-28,117.9800033569336,1817.5
2022-06-29,116.26000213623047,1813.699951171875
2022-06-30,114.80999755859375,1804.0999755859375
2022-07-01,111.62999725341797,1798.9000244140625
2022-07-05,102.7699966430664,1761.800048828125
2022-07-06,100.69000244140625,1734.9000244140625
2022-07-07,104.6500015258789,1737.9000244140625
2022-07-08,107.0199966430664,1740.5999755859375
2022-07-11,107.0999984741211,1730.0
2022-07-12,99.48999786376953,1723.300048828125
2022-07-13,99.56999969482422,1734.199951171875
2022-07-14,99.0999984741211,1704.5
2022-07-15,101.16000366210938,1702.4000244140625
2022-07-18,106.2699966430664,1709.199951171875
2022-07-19,107.3499984741211,1710.0
2022-07-20,106.91999816894531,1699.5
2022-07-21,103.86000061035156,1712.699951171875
2022-07-22,103.19999694824219,1727.0999755859375
2022-07-25,105.1500015258789,1719.0
2022-07-26,104.4000015258789,1717.699951171875
2022-07-27,106.62000274658203,1719.0999755859375
2022-07-28,107.13999938964844,1750.300048828125
2022-07-29,110.01000213623047,1762.9000244140625
2022-08-01,100.02999877929688,1769.0
2022-08-02,100.54000091552734,1771.0999755859375
2022-08-03,96.77999877929688,1758.0
2022-08-04,94.12000274658203,1788.5
2022-08-05,94.91999816894531,1772.9000244140625
2022-08-08,96.6500015258789,1786.800048828125
2022-08-09,96.30999755859375,1794.0
2022-08-10,97.4000015258789,1795.5999755859375
2022-08-11,99.5999984741211,1789.699951171875
2022-08-12,98.1500015258789,1798.5999755859375
2022-08-15,95.0999984741211,1781.4000244140625
2022-08-16,92.33999633789062,1773.199951171875
2022-08-17,93.6500015258789,1760.300048828125
2022-08-18,96.58999633789062,1755.300048828125
2022-08-19,96.72000122070312,1747.5999755859375
2022-08-22,96.4800033569336,1734.0
2022-08-23,100.22000122070312,1746.800048828125
2022-08-24,101.22000122070312,1747.800048828125
2022-08-25,99.33999633789062,1757.699951171875
2022-08-26,100.98999786376953,1736.0999755859375
2022-08-29,105.08999633789062,1736.5999755859375
2022-08-30,99.30999755859375,1723.199951171875
2022-08-31,96.48999786376953,1712.800048828125
2022-09-01,92.36000061035156,1696.5999755859375
2022-09-02,93.0199966430664,1709.800048828125
2022-09-06,92.83000183105469,1700.4000244140625
2022-09-07,88.0,1715.300048828125
2022-09-08,89.1500015258789,1708.0
2022-09-09,92.83999633789062,1716.199951171875
2022-09-12,94.0,1728.0999755859375
2022-09-13,93.16999816894531,1705.0
2022-09-14,94.0999984741211,1696.5
2022-09-15,90.83999633789062,1665.4000244140625
2022-09-16,91.3499984741211,1671.699951171875
2022-09-19,92.0,1666.199951171875
2022-09-20,90.62000274658203,1659.699951171875
2022-09-21,89.83000183105469,1664.5999755859375
2022-09-22,90.45999908447266,1670.800048828125
2022-09-23,86.1500015258789,1645.300048828125
2022-09-26,84.05999755859375,1623.300048828125
2022-09-27,86.2699966430664,1626.699951171875
2022-09-28,89.31999969482422,1660.4000244140625
2022-09-29,88.48999786376953,1658.5
2022-09-30,87.95999908447266,1662.4000244140625
2022-10-03,88.86000061035156,1692.9000244140625
2022-10-04,91.80000305175781,1721.0999755859375
2022-10-05,93.37000274658203,1711.4000244140625
2022-10-06,94.41999816894531,1711.699951171875
2022-10-07,97.91999816894531,1700.5
2022-10-10,96.19000244140625,1667.300048828125
2022-10-11,94.29000091552734,1678.699951171875
2022-10-12,92.44999694824219,1670.300048828125
2022-10-13,94.56999969482422,1670.0
2022-10-14,91.62999725341797,1641.699951171875
2022-10-17,91.62000274658203,1657.0
2022-10-18,90.02999877929688,1649.0
2022-10-19,92.41000366210938,1627.5
2022-10-20,92.37999725341797,1630.800048828125
2022-10-21,93.5,1651.0
2022-10-24,93.26000213623047,1648.699951171875
2022-10-25,93.5199966430664,1652.800048828125
2022-10-26,95.69000244140625,1664.0
2022-10-27,96.95999908447266,1660.699951171875
2022-10-28,95.7699966430664,1639.5999755859375
2022-10-31,94.83000183105469,1635.9000244140625
2022-11-01,94.6500015258789,1645.0
2022-11-02,96.16000366210938,1645.699951171875
2022-11-03,94.66999816894531,1627.300048828125
2022-11-04,98.56999969482422,1672.5
2022-11-07,97.91999816894531,1676.5
2022-11-08,95.36000061035156,1712.0999755859375
2022-11-09,92.6500015258789,1710.0999755859375
2022-11-10,93.66999816894531,1750.300048828125
2022-11-11,95.98999786376953,1766.0
2022-11-14,93.13999938964844,1773.5999755859375
2022-11-15,93.86000061035156,1773.800048828125
2022-11-16,92.86000061035156,1773.0
2022-11-17,89.77999877929688,1760.800048828125
2022-11-18,87.62000274658203,1751.9000244140625
2022-11-21,87.44999694824219,1737.4000244140625
2022-11-22,88.36000061035156,1738.300048828125
2022-11-23,85.41000366210938,1744.9000244140625
2022-11-25,83.62999725341797,1753.300048828125
2022-11-28,83.19000244140625,1740.0999755859375
2022-11-29,83.02999877929688,1748.4000244140625
2022-11-30,85.43000030517578,1746.0
2022-12-01,86.87999725341797,1801.0999755859375
2022-12-02,85.56999969482422,1795.9000244140625
2022-12-05,82.68000030517578,1767.4000244140625
2022-12-06,79.3499984741211,1769.300048828125
2022-12-07,77.16999816894531,1785.5
2022-12-08,76.1500015258789,1788.699951171875
2022-12-09,76.0999984741211,1798.0999755859375
2022-12-12,77.98999786376953,1780.5
2022-12-13,80.68000030517578,1813.9000244140625
2022-12-14,82.69999694824219,1807.5
2022-12-15,81.20999908447266,1777.199951171875
2022-12-16,79.04000091552734,1790.0
2022-12-19,79.80000305175781,1787.699951171875
2022-12-20,79.98999786376953,1815.9000244140625
2022-12-21,82.19999694824219,1815.9000244140625
2022-12-22,80.9800033569336,1787.0
2022-12-23,83.91999816894531,1795.9000244140625
2022-12-27,84.33000183105469,1814.800048828125
2022-12-28,83.26000213623047,1807.9000244140625
2022-12-29,82.26000213623047,1819.5
2022-12-30,85.91000366210938,1819.699951171875
2023-01-03,82.0999984741211,1839.699951171875
2023-01-04,77.83999633789062,1852.800048828125
2023-01-05,78.69000244140625,1834.800048828125
2023-01-06,78.56999969482422,1864.199951171875
2023-01-09,79.6500015258789,1872.699951171875
2023-01-10,80.0999984741211,1871.5999755859375
2023-01-11,82.66999816894531,1874.5999755859375
2023-01-12,84.02999877929688,1895.5
2023-01-13,85.27999877929688,1918.4000244140625
2023-01-17,85.91999816894531,1907.199951171875
2023-01-18,84.9800033569336,1904.4000244140625
2023-01-19,86.16000366210938,1922.0999755859375
2023-01-20,87.62999725341797,1926.4000244140625
2023-01-23,88.19000244140625,1927.0999755859375
2023-01-24,86.12999725341797,1933.9000244140625
2023-01-25,86.12000274658203,1941.199951171875
2023-01-26,87.47000122070312,1929.0999755859375
2023-01-27,86.66000366210938,1928.5999755859375
2023-01-30,84.9000015258789,1922.9000244140625
2023-01-31,84.48999786376953,1929.5
2023-02-01,82.83999633789062,1927.800048828125
2023-02-02,82.16999816894531,1916.300048828125
2023-02-03,79.94000244140625,1862.9000244140625
2023-02-06,80.98999786376953,1866.199951171875
2023-02-07,83.69000244140625,1871.699951171875
2023-02-08,85.08999633789062,1877.4000244140625
2023-02-09,84.5,1866.199951171875
2023-02-10,86.38999938964844,1862.800048828125
2023-02-13,86.61000061035156,1851.9000244140625
2023-02-14,85.58000183105469,1854.0
2023-02-15,85.37999725341797,1834.199951171875
2023-02-16,85.13999938964844,1842.0
2023-02-17,83.0,1840.4000244140625
2023-02-21,83.05000305175781,1833.0
2023-02-22,80.5999984741211,1832.0
2023-02-23,82.20999908447266,1818.0
2023-02-24,83.16000366210938,1808.800048828125
2023-02-27,82.44999694824219,1817.0
2023-02-28,83.88999938964844,1828.9000244140625
2023-03-01,84.30999755859375,1837.699951171875
2023-03-02,84.75,1833.5
2023-03-03,85.83000183105469,1847.699951171875
2023-03-06,86.18000030517578,1847.9000244140625
2023-03-07,83.29000091552734,1813.9000244140625
2023-03-08,82.66000366210938,1812.699951171875
2023-03-09,81.58999633789062,1829.300048828125
2023-03-10,82.77999877929688,1862.0
2023-03-13,80.7699966430664,1911.699951171875
2023-03-14,77.44999694824219,1906.199951171875
2023-03-15,73.69000244140625,1926.5999755859375
2023-03-16,74.69999694824219,1919.0
2023-03-17,72.97000122070312,1969.800048828125
2023-03-20,73.79000091552734,1979.199951171875
2023-03-21,75.31999969482422,1938.0
2023-03-22,76.69000244140625,1946.800048828125
2023-03-23,75.91000366210938,1993.800048828125
2023-03-24,74.98999786376953,1982.0999755859375
2023-03-27,78.12000274658203,1952.4000244140625
2023-03-28,78.6500015258789,1972.4000244140625
2023-03-29,78.27999877929688,1966.0999755859375
2023-03-30,79.2699966430664,1980.300048828125
2023-03-31,79.7699966430664,1969.0
2023-04-03,84.93000030517578,1983.9000244140625
2023-04-04,84.94000244140625,2022.199951171875
2023-04-05,84.98999786376953,2020.9000244140625
2023-04-06,85.12000274658203,2011.9000244140625
2023-04-10,84.18000030517578,1989.0999755859375
2023-04-11,85.61000061035156,2004.800048828125
2023-04-12,87.33000183105469,2010.9000244140625
2023-04-13,86.08999633789062,2041.300048828125
2023-04-14,86.30999755859375,2002.199951171875
2023-04-17,84.76000213623047,1994.199951171875
2023-04-18,84.7699966430664,2007.4000244140625
2023-04-19,83.12000274658203,1995.199951171875
2023-04-20,81.0999984741211,2007.5999755859375
2023-04-21,81.66000366210938,1979.5
2023-04-24,82.7300033569336,1989.0999755859375
2023-04-25,80.7699966430664,1994.0
2023-04-26,77.69000244140625,1985.699951171875
2023-04-27,78.37000274658203,1989.9000244140625
2023-04-28,79.54000091552734,1990.0999755859375
2023-05-01,79.30999755859375,1983.4000244140625
2023-05-02,75.31999969482422,2014.300048828125
2023-05-03,72.33000183105469,2028.5999755859375
2023-05-04,72.5,2048.0
2023-05-05,75.30000305175781,2017.4000244140625
2023-05-08,77.01000213623047,2026.300048828125
2023-05-09,77.44000244140625,2036.199951171875
2023-05-10,76.41000366210938,2030.5
2023-05-11,74.9800033569336,2014.699951171875
2023-05-12,74.16999816894531,2014.5
2023-05-15,75.2300033569336,2018.0
2023-05-16,74.91000366210938,1988.4000244140625
2023-05-17,76.95999908447266,1980.699951171875
2023-05-18,75.86000061035156,1956.5
2023-05-19,75.58000183105469,1978.699951171875
2023-05-22,75.98999786376953,1974.800048828125
2023-05-23,76.83999633789062,1972.4000244140625
2023-05-24,78.36000061035156,1962.800048828125
2023-05-25,76.26000213623047,1943.0999755859375
2023-05-26,76.94999694824219,1944.0999755859375
2023-05-30,73.54000091552734,1958.0
2023-05-31,72.66000366210938,1963.9000244140625
2023-06-01,74.27999877929688,1978.0
2023-06-02,76.12999725341797,1952.4000244140625
2023-06-05,76.70999908447266,1958.0
2023-06-06,76.29000091552734,1965.5
2023-06-07,76.94999694824219,1942.699951171875
2023-06-08,75.95999908447266,1963.5999755859375
2023-06-09,74.79000091552734,1962.199951171875
2023-06-12,71.83999633789062,1955.300048828125
2023-06-13,74.29000091552734,1944.5999755859375
2023-06-14,73.19999694824219,1955.300048828125
2023-06-15,75.66999816894531,1957.800048828125
2023-06-16,76.61000061035156,1958.4000244140625
2023-06-20,75.9000015258789,1935.5
2023-06-21,77.12000274658203,1933.300048828125
2023-06-22,74.13999938964844,1912.699951171875
2023-06-23,73.8499984741211,1919.0999755859375
2023-06-26,74.18000030517578,1923.699951171875
2023-06-27,72.26000213623047,1914.0
2023-06-28,74.02999877929688,1912.300048828125
2023-06-29,74.33999633789062,1909.199951171875
2023-06-30,74.9000015258789,1921.0999755859375
2023-07-03,74.6500015258789,1921.699951171875
2023-07-05,76.6500015258789,1919.5999755859375
2023-07-06,76.5199966430664,1908.699951171875
2023-07-07,78.47000122070312,1926.199951171875
2023-07-10,77.69000244140625,1925.0
2023-07-11,79.4000015258789,1931.300048828125
2023-07-12,80.11000061035156,1956.199951171875
2023-07-13,81.36000061035156,1959.199951171875
2023-07-14,79.87000274658203,1960.0999755859375
2023-07-17,78.5,1952.4000244140625
2023-07-18,79.62999725341797,1977.199951171875
2023-07-19,79.45999908447266,1977.5
2023-07-20,79.63999938964844,1968.300048828125
2023-07-21,81.06999969482422,1964.300048828125
2023-07-24,82.73999786376953,1960.300048828125
2023-07-25,83.63999938964844,1962.0999755859375
2023-07-26,82.91999816894531,1968.9000244140625
2023-07-27,84.23999786376953,1945.4000244140625
2023-07-28,84.98999786376953,1960.4000244140625
2023-07-31,85.55999755859375,1970.5
2023-08-01,84.91000366210938,1940.699951171875
2023-08-02,83.19999694824219,1937.4000244140625
2023-08-03,85.13999938964844,1932.0
2023-08-04,86.23999786376953,1939.5999755859375
2023-08-07,85.33999633789062,1933.5
2023-08-08,86.16999816894531,1924.0999755859375
2023-08-09,87.55000305175781,1915.4000244140625
2023-08-10,86.4000015258789,1914.4000244140625
2023-08-11,86.80999755859375,1912.9000244140625
2023-08-14,86.20999908447266,1910.5999755859375
2023-08-15,84.88999938964844,1902.5
2023-08-16,83.44999694824219,1896.0999755859375
2023-08-17,84.12000274658203,1884.0999755859375
2023-08-18,84.80000305175781,1886.0999755859375
2023-08-21,84.45999908447266,1893.300048828125
2023-08-22,84.02999877929688,1896.4000244140625
2023-08-23,83.20999908447266,1918.5
2023-08-24,83.36000061035156,1918.199951171875
2023-08-25,84.4800033569336,1911.0999755859375
2023-08-28,84.41999816894531,1917.9000244140625
2023-08-29,85.48999786376953,1936.5
2023-08-30,85.86000061035156,1944.300048828125
2023-08-31,86.86000061035156,1938.199951171875
2023-09-01,88.55000305175781,1939.800048828125
2023-09-05,90.04000091552734,1926.199951171875
2023-09-06,90.5999984741211,1918.0999755859375
2023-09-07,89.91999816894531,1917.5
2023-09-08,90.6500015258789,1918.4000244140625
2023-09-11,90.63999938964844,1923.300048828125
2023-09-12,92.05999755859375,1911.300048828125
2023-09-13,91.87999725341797,1909.0999755859375
2023-09-14,93.69999694824219,1910.0
2023-09-15,93.93000030517578,1923.699951171875
2023-09-18,94.43000030517578,1931.5
2023-09-19,94.33999633789062,1932.0
2023-09-20,93.52999877929688,1945.5999755859375
2023-09-21,93.30000305175781,1919.199951171875
2023-09-22,93.2699966430664,1925.4000244140625
2023-09-25,93.29000091552734,1916.5999755859375
2023-09-26,93.95999908447266,1900.4000244140625
2023-09-27,96.55000305175781,1871.5999755859375
2023-09-28,95.37999725341797,1860.4000244140625
2023-09-29,95.30999755859375,1848.0999755859375
2023-10-02,90.70999908447266,1830.0
2023-10-03,90.91999816894531,1824.5999755859375
2023-10-04,85.80999755859375,1818.5
2023-10-05,84.06999969482422,1816.5999755859375
2023-10-06,84.58000183105469,1830.199951171875
2023-10-09,88.1500015258789,1849.5
2023-10-10,87.6500015258789,1861.0
2023-10-11,85.81999969482422,1872.800048828125
2023-10-12,86.0,1869.300048828125
2023-10-13,90.88999938964844,1927.4000244140625
2023-10-16,89.6500015258789,1921.0999755859375
2023-10-17,89.9000015258789,1922.699951171875
2023-10-18,91.5,1955.300048828125
2023-10-19,92.37999725341797,1968.4000244140625
2023-10-20,92.16000366210938,1982.5
2023-10-23,89.83000183105469,1976.300048828125
2023-10-24,88.06999969482422,1975.0
2023-10-25,90.12999725341797,1984.0999755859375
2023-10-26,87.93000030517578,1987.199951171875
2023-10-27,90.4800033569336,1988.5999755859375
2023-10-30,87.44999694824219,1996.199951171875
2023-10-31,87.41000366210938,1985.199951171875
2023-11-01,84.62999725341797,1978.800048828125
2023-11-02,86.8499984741211,1985.5999755859375
2023-11-03,84.88999938964844,1991.5
2023-11-06,85.18000030517578,1981.5999755859375
2023-11-07,81.61000061035156,1966.800048828125
2023-11-08,79.54000091552734,1951.5
2023-11-09,80.01000213623047,1964.199951171875
2023-11-10,81.43000030517578,1932.5999755859375
2023-11-13,82.5199966430664,1945.5
2023-11-14,82.47000122070312,1961.800048828125
2023-11-15,81.18000030517578,1960.0999755859375
2023-11-16,77.41999816894531,1983.9000244140625
2023-11-17,80.61000061035156,1981.5999755859375
2023-11-20,82.31999969482422,1977.699951171875
2023-11-21,82.44999694824219,1999.300048828125
2023-11-22,81.95999908447266,1991.4000244140625
2023-11-23,81.37000274658203,
2023-11-24,80.58000183105469,2002.199951171875
2023-11-27,79.9800033569336,2011.800048828125
2023-11-28,81.68000030517578,2039.699951171875
2023-11-29,83.0999984741211,2047.0999755859375
2023-11-30,82.83000183105469,2038.0999755859375
2023-12-01,78.87999725341797,2071.0
2023-12-04,78.02999877929688,2024.0999755859375
2023-12-05,77.19999694824219,2018.5
2023-12-06,74.30000305175781,2030.5
2023-12-07,74.05000305175781,2029.9000244140625
2023-12-08,75.83999633789062,1998.300048828125
2023-12-11,76.02999877929688,1978.0
2023-12-12,73.23999786376953,1977.800048828125
2023-12-13,74.26000213623047,1982.300048828125
2023-12-14,76.61000061035156,2030.199951171875
2023-12-15,76.55000305175781,2021.0999755859375
2023-12-18,77.94999694824219,2026.300048828125
2023-12-19,79.2300033569336,2038.4000244140625
2023-12-20,79.69999694824219,2034.5
2023-12-21,79.38999938964844,2039.0999755859375
2023-12-22,79.06999969482422,2057.10009765625
2023-12-26,81.06999969482422,2058.199951171875
2023-12-27,79.6500015258789,2081.89990234375
2023-12-28,78.38999938964844,2073.89990234375
2023-12-29,77.04000091552734,2062.39990234375
2024-01-02,75.88999938964844,2064.39990234375
2024-01-03,78.25,2034.199951171875
2024-01-04,77.58999633789062,2042.300048828125
2024-01-05,78.76000213623047,2042.4000244140625
2024-01-08,76.12000274658203,2026.5999755859375
2024-01-09,77.58999633789062,2026.4000244140625
2024-01-10,76.80000305175781,2021.699951171875
2024-01-11,77.41000366210938,2014.300048828125
2024-01-12,78.29000091552734,2046.699951171875
2024-01-16,78.29000091552734,2026.0
2024-01-17,77.87999725341797,2002.5999755859375
2024-01-18,79.0999984741211,2018.5999755859375
2024-01-19,78.55999755859375,2026.5
2024-01-22,80.05999755859375,2019.800048828125
2024-01-23,79.55000305175781,2023.699951171875
2024-01-24,80.04000091552734,2013.9000244140625
2024-01-25,82.43000030517578,2016.9000244140625
2024-01-26,83.55000305175781,2016.800048828125
2024-01-29,82.4000015258789,2025.199951171875
2024-01-30,82.87000274658203,2031.5
2024-01-31,81.70999908447266,2048.39990234375
2024-02-01,78.69999694824219,2053.0
2024-02-02,77.33000183105469,2036.0999755859375
2024-02-05,77.98999786376953,2025.699951171875
2024-02-06,78.58999633789062,2034.5
2024-02-07,79.20999908447266,2035.199951171875
2024-02-08,81.62999725341797,2032.199951171875
2024-02-09,82.19000244140625,2023.300048828125
2024-02-12,82.0,2018.199951171875
2024-02-13,82.7699966430664,1992.9000244140625
2024-02-14,81.5999984741211,1990.300048828125
2024-02-15,82.86000061035156,2002.0999755859375
2024-02-16,83.47000122070312,2011.5
2024-02-20,82.33999633789062,2027.5
2024-02-21,83.02999877929688,2022.300048828125
2024-02-22,83.66999816894531,2019.699951171875
2024-02-23,81.62000274658203,2038.5999755859375
2024-02-26,82.52999877929688,2028.5
2024-02-27,83.6500015258789,2034.0
2024-02-28,83.68000030517578,2033.0
2024-02-29,83.62000274658203,2045.699951171875
2024-03-01,83.55000305175781,2086.89990234375
2024-03-04,82.80000305175781,2117.699951171875
2024-03-05,82.04000091552734,2133.5
2024-03-06,82.95999908447266,2150.300048828125
2024-03-07,82.95999908447266,2158.0
2024-03-08,82.08000183105469,2178.60009765625
2024-03-11,82.20999908447266,2182.5
2024-03-12,81.91999816894531,2160.39990234375
2024-03-13,84.02999877929688,2175.39990234375
2024-03-14,85.41999816894531,2163.0
2024-03-15,85.33999633789062,2157.300048828125
2024-03-18,86.88999938964844,2160.699951171875
2024-03-19,87.37999725341797,2156.300048828125
2024-03-20,85.94999694824219,2157.89990234375
2024-03-21,85.77999877929688,2182.39990234375
2024-03-22,85.43000030517578,2158.10009765625
2024-03-25,86.75,2174.800048828125
2024-03-26,86.25,2175.60009765625
2024-03-27,86.08999633789062,2190.60009765625
2024-03-28,87.4800033569336,2217.39990234375
2024-04-01,87.41999816894531,2236.5
2024-04-02,88.91999816894531,2261.0
2024-04-03,89.3499984741211,2294.39990234375
2024-04-04,90.6500015258789,2288.800048828125
2024-04-05,91.16999816894531,2325.699951171875
2024-04-08,90.37999725341797,2331.699951171875
2024-04-09,89.41999816894531,2343.5
2024-04-10,90.4800033569336,2329.60009765625
2024-04-11,89.73999786376953,2354.800048828125
2024-04-12,90.44999694824219,2356.199951171875
2024-04-15,90.0999984741211,2365.800048828125
2024-04-16,90.0199966430664,2390.800048828125
2024-04-17,87.29000091552734,2371.699951171875
2024-04-18,87.11000061035156,2382.300048828125
2024-04-19,87.29000091552734,2398.39990234375
2024-04-22,87.0,2332.199951171875
2024-04-23,88.41999816894531,2327.699951171875
2024-04-24,88.0199966430664,2324.5
2024-04-25,89.01000213623047,2329.800048828125
2024-04-26,89.5,2334.800048828125
2024-04-29,88.4000015258789,2345.39990234375
2024-04-30,87.86000061035156,2291.39990234375
2024-05-01,83.44000244140625,2299.89990234375
2024-05-02,83.66999816894531,2299.199951171875
2024-05-03,82.95999908447266,2299.0
2024-05-06,83.33000183105469,2321.60009765625
2024-05-07,83.16000366210938,2315.199951171875
2024-05-08,83.58000183105469,2313.60009765625
2024-05-09,83.87999725341797,2332.10009765625
2024-05-10,82.79000091552734,2367.300048828125
2024-05-13,83.36000061035156,2336.10009765625
2024-05-14,82.37999725341797,2353.39990234375
2024-05-15,82.75,2388.699951171875
2024-05-16,83.2699966430664,2380.0
2024-05-17,83.9800033569336,2412.199951171875
2024-05-20,83.70999908447266,2433.89990234375
2024-05-21,82.87999725341797,2421.699951171875
2024-05-22,81.9000015258789,2389.199951171875
2024-05-23,81.36000061035156,2335.0
2024-05-24,82.12000274658203,2332.5
2024-05-28,84.22000122070312,2355.199951171875
2024-05-29,83.5999984741211,2340.300048828125
2024-05-30,81.86000061035156,2342.89990234375
2024-05-31,81.62000274658203,2322.89990234375
2024-06-03,78.36000061035156,2346.60009765625
2024-06-04,77.5199966430664,2325.5
2024-06-05,78.41000366210938,2354.10009765625
2024-06-06,79.87000274658203,2370.300048828125
2024-06-07,79.62000274658203,2305.199951171875
2024-06-10,81.62999725341797,2307.699951171875
2024-06-11,81.91999816894531,2307.5
2024-06-12,82.5999984741211,2336.0
2024-06-13,82.75,2300.199951171875
2024-06-14,82.62000274658203,2331.39990234375
2024-06-17,84.25,2312.39990234375
2024-06-18,85.33000183105469,2330.39990234375
2024-06-20,85.70999908447266,2353.800048828125
2024-06-21,85.23999786376953,2316.39990234375
2024-06-24,86.01000213623047,2330.0
2024-06-25,85.01000213623047,2316.60009765625
2024-06-26,85.25,2299.199951171875
2024-06-27,86.38999938964844,2324.5
2024-06-28,86.41000366210938,2327.699951171875
2024-07-01,86.5999984741211,2327.60009765625
2024-07-02,86.23999786376953,2323.0
2024-07-03,87.33999633789062,2359.800048828125
2024-07-05,86.54000091552734,2388.5
2024-07-08,85.75,2355.199951171875
2024-07-09,84.66000366210938,2360.10009765625
2024-07-10,85.08000183105469,2372.199951171875
2024-07-11,85.4000015258789,2415.0
2024-07-12,85.02999877929688,2414.0
2024-07-15,84.8499984741211,2422.89990234375
2024-07-16,83.7300033569336,2462.39990234375
2024-07-17,85.08000183105469,2454.800048828125
2024-07-18,85.11000061035156,2451.800048828125
2024-07-19,82.62999725341797,2395.5
2024-07-22,82.4000015258789,2392.0
2024-07-23,81.01000213623047,2404.60009765625
2024-07-24,81.70999908447266,2413.300048828125
2024-07-25,82.37000274658203,2351.89990234375
2024-07-26,81.12999725341797,2380.0
2024-07-29,79.77999877929688,2377.300048828125
2024-07-30,78.62999725341797,2405.0
2024-07-31,80.72000122070312,2426.5
2024-08-01,79.5199966430664,2435.0
2024-08-02,76.80999755859375,2425.699951171875
2024-08-05,76.30000305175781,2401.699951171875
2024-08-06,76.4800033569336,2389.10009765625
2024-08-07,78.33000183105469,2390.5
2024-08-08,79.16000366210938,2422.199951171875
2024-08-09,79.66000366210938,2432.10009765625
2024-08-12,82.30000305175781,2462.39990234375
2024-08-13,80.69000244140625,2466.699951171875
2024-08-14,79.76000213623047,2439.39990234375
2024-08-15,81.04000091552734,2453.10009765625
2024-08-16,79.68000030517578,2498.60009765625
2024-08-19,77.66000366210938,2501.800048828125
2024-08-20,77.19999694824219,2511.300048828125
2024-08-21,76.05000305175781,2508.39990234375
2024-08-22,77.22000122070312,2478.89990234375
2024-08-23,79.0199966430664,2508.39990234375
2024-08-26,81.43000030517578,2517.699951171875
2024-08-27,79.55000305175781,2516.0
2024-08-28,78.6500015258789,2501.0
2024-08-29,79.94000244140625,2525.699951171875
2024-08-30,78.80000305175781,2493.800048828125
2024-09-03,73.75,2489.89990234375
2024-09-04,72.69999694824219,2493.39990234375
2024-09-05,72.69000244140625,2511.39990234375
2024-09-06,71.05999755859375,2493.5
2024-09-09,71.83999633789062,2501.800048828125
2024-09-10,69.19000244140625,2512.300048828125
2024-09-11,70.61000061035156,2512.10009765625
2024-09-12,71.97000122070312,2551.199951171875
2024-09-13,71.61000061035156,2581.300048828125
2024-09-16,72.75,2580.39990234375
2024-09-17,73.69999694824219,2564.300048828125
2024-09-18,73.6500015258789,2570.699951171875
2024-09-19,74.87999725341797,2588.0
2024-09-20,74.48999786376953,2619.89990234375
2024-09-23,73.9000015258789,2626.5
2024-09-24,75.16999816894531,2651.199951171875
2024-09-25,73.45999908447266,2659.199951171875
2024-09-26,71.5999984741211,2669.89990234375
2024-09-27,71.9800033569336,2644.300048828125
2024-09-30,71.7699966430664,2636.10009765625
2024-10-01,73.55999755859375,2667.300048828125
2024-10-02,73.9000015258789,2647.10009765625
2024-10-03,77.62000274658203,2657.10009765625
2024-10-04,78.05000305175781,2645.800048828125
2024-10-07,80.93000030517578,2644.800048828125
2024-10-08,77.18000030517578,2615.0
2024-10-09,76.58000183105469,2606.0
2024-10-10,79.4000015258789,2620.60009765625
2024-10-11,79.04000091552734,2657.60009765625
2024-10-14,77.45999908447266,2647.800048828125
2024-10-15,74.25,2661.39990234375
2024-10-16,74.22000122070312,2674.0
2024-10-17,74.44999694824219,2691.0
2024-10-18,73.05999755859375,2713.699951171875
2024-10-21,74.29000091552734,2723.10009765625
2024-10-22,76.04000091552734,2744.199951171875
2024-10-23,74.95999908447266,2714.39990234375
2024-10-24,74.37999725341797,2734.89990234375
2024-10-25,76.05000305175781,2740.89990234375
2024-10-28,71.41999816894531,2742.89990234375
2024-10-29,71.12000274658203,2768.39990234375
2024-10-30,72.55000305175781,2788.5
2024-10-31,73.16000366210938,2738.300048828125
2024-11-01,73.0999984741211,2738.60009765625
2024-11-04,75.08000183105469,2736.10009765625
2024-11-05,75.52999877929688,2740.300048828125
2024-11-06,74.91999816894531,2667.60009765625
2024-11-07,75.62999725341797,2698.39990234375
2024-11-08,73.87000274658203,2687.5
2024-11-11,71.83000183105469,2611.199951171875
2024-11-12,71.88999938964844,2600.0
2024-11-13,72.27999877929688,2580.800048828125
2024-11-14,72.55999755859375,2568.199951171875
2024-11-15,71.04000091552734,2565.699951171875
2024-11-18,73.30000305175781,2610.60009765625
2024-11-19,73.30999755859375,2627.10009765625
2024-11-20,72.80999755859375,2648.199951171875
2024-11-21,74.2300033569336,2672.10009765625
2024-11-22,75.16999816894531,2709.89990234375
2024-11-25,73.01000213623047,2616.800048828125
2024-11-26,72.80999755859375,2620.300048828125
2024-11-27,72.83000183105469,2639.89990234375
2024-11-29,72.94000244140625,2657.0
2024-12-02,71.83000183105469,2634.89990234375
2024-12-03,73.62000274658203,2644.699951171875
2024-12-04,72.30999755859375,2653.800048828125
2024-12-05,72.08999633789062,2626.60009765625
2024-12-06,71.12000274658203,2638.60009765625
2024-12-09,72.13999938964844,2664.89990234375
2024-12-10,72.19000244140625,2697.60009765625
2024-12-11,73.5199966430664,2733.800048828125
2024-12-12,73.41000366210938,2687.5
2024-12-13,74.48999786376953,2656.0
2024-12-16,73.91000366210938,2651.39990234375
2024-12-17,73.19000244140625,2644.39990234375
2024-12-18,73.38999938964844,2636.5
2024-12-19,72.87999725341797,2592.199951171875
2024-12-20,72.94000244140625,2628.699951171875
2024-12-23,72.62999725341797,2612.300048828125
2024-12-24,73.58000183105469,2620.0
2024-12-26,73.26000213623047,2638.800048828125
2024-12-27,74.16999816894531,2617.199951171875
2024-12-30,74.38999938964844,2606.10009765625
2024-12-31,74.63999938964844,2629.199951171875
2025-01-02,75.93000030517578,2658.89990234375
2025-01-03,76.51000213623047,2645.0
2025-01-06,76.30000305175781,2638.39990234375
2025-01-07,77.05000305175781,2656.699951171875
2025-01-08,76.16000366210938,2664.5
2025-01-09,76.91999816894531,2683.800048828125
2025-01-10,79.76000213623047,2708.5
2025-01-13,81.01000213623047,2673.5
2025-01-14,79.91999816894531,2677.5
2025-01-15,82.02999877929688,2712.5
2025-01-16,81.29000091552734,2746.39990234375
2025-01-17,80.79000091552734,2744.300048828125
2025-01-21,79.29000091552734,2755.0
2025-01-22,79.0,2767.60009765625
2025-01-23,78.29000091552734,2763.10009765625
2025-01-24,78.5,2777.300048828125
2025-01-27,77.08000183105469,2737.5
2025-01-28,77.48999786376953,2766.800048828125
2025-01-29,76.58000183105469,2769.10009765625
2025-01-30,76.87000274658203,2823.0
2025-01-31,76.76000213623047,2812.5
2025-02-03,75.95999908447266,2833.89990234375
2025-02-04,76.19999694824219,2853.300048828125
2025-02-05,74.61000061035156,2871.60009765625
2025-02-06,74.29000091552734,2856.0
2025-02-07,74.66000366210938,2867.300048828125
2025-02-10,75.87000274658203,2914.300048828125
2025-02-11,77.0,2912.5
2025-02-12,75.18000030517578,2909.0
2025-02-13,75.0199966430664,2925.89990234375
2025-02-14,74.73999786376953,2883.60009765625
2025-02-18,75.83999633789062,2931.60009765625
2025-02-19,76.04000091552734,2919.39990234375
2025-02-20,76.4800033569336,2940.0
2025-02-21,74.43000030517578,2937.60009765625
2025-02-24,74.77999877929688,2947.89990234375
2025-02-25,73.0199966430664,2904.5
2025-02-26,72.52999877929688,2916.800048828125
2025-02-27,74.04000091552734,2883.199951171875
2025-02-28,73.18000030517578,2836.800048828125
2025-03-03,71.62000274658203,2890.199951171875
2025-03-04,71.04000091552734,2909.60009765625
2025-03-05,69.30000305175781,2915.300048828125
2025-03-06,69.45999908447266,2916.60009765625
2025-03-07,70.36000061035156,2904.699951171875
2025-03-10,69.27999877929688,2891.0
2025-03-11,69.55999755859375,2912.89990234375
2025-03-12,70.94999694824219,2939.10009765625
2025-03-13,69.87999725341797,2984.300048828125
2025-03-14,70.58000183105469,2994.5
2025-03-17,71.06999969482422,3000.0
2025-03-18,70.55999755859375,3035.10009765625
2025-03-19,70.77999877929688,3035.89990234375
2025-03-20,72.0,3040.0
2025-03-21,72.16000366210938,3018.199951171875
2025-03-24,73.0,3013.10009765625
2025-03-25,73.0199966430664,3023.699951171875
2025-03-26,73.79000091552734,3020.89990234375
2025-03-27,74.02999877929688,3060.199951171875
2025-03-28,73.62999725341797,3086.5
2025-03-31,74.73999786376953,3122.800048828125
2025-04-01,74.48999786376953,3118.89990234375
2025-04-02,74.94999694824219,3139.89990234375
2025-04-03,70.13999938964844,3097.0
2025-04-04,65.58000183105469,3012.0
2025-04-07,64.20999908447266,2951.300048828125
2025-04-08,62.81999969482422,2968.39990234375
2025-04-09,65.4800033569336,3056.5
2025-04-10,63.33000183105469,3155.199951171875
2025-04-11,64.76000213623047,3222.199951171875
2025-04-14,64.87999725341797,3204.800048828125
2025-04-15,64.66999816894531,3218.699951171875
2025-04-16,65.8499984741211,3326.60009765625
2025-04-17,67.95999908447266,3308.699951171875
2025-04-21,66.26000213623047,3406.199951171875
2025-04-22,67.44000244140625,3400.800048828125
2025-04-23,66.12000274658203,3276.300048828125
2025-04-24,66.55000305175781,3332.0
2025-04-25,66.87000274658203,3282.39990234375
2025-04-28,65.86000061035156,3332.5
2025-04-29,64.25,3318.800048828125
2025-04-30,63.119998931884766,3305.0
2025-05-01,62.130001068115234,3210.0
2025-05-02,61.290000915527344,3231.89990234375
2025-05-05,60.22999954223633,3311.300048828125
2025-05-06,62.150001525878906,3411.39990234375
2025-05-07,61.119998931884766,3381.39990234375
2025-05-08,62.84000015258789,3296.60009765625
2025-05-09,63.90999984741211,3335.39990234375
2025-05-12,64.95999908447266,3220.0
2025-05-13,66.62999725341797,3240.300048828125
2025-05-14,66.08999633789062,3181.39990234375
2025-05-15,64.52999877929688,3220.699951171875
2025-05-16,65.41000366210938,3182.0
2025-05-19,65.54000091552734,3228.89990234375
2025-05-20,65.37999725341797,3280.300048828125
2025-05-21,64.91000366210938,3309.300048828125
2025-05-22,64.44000244140625,3292.300048828125
2025-05-23,64.77999877929688,3363.60009765625
2025-05-27,64.08999633789062,3299.10009765625
2025-05-28,64.9000015258789,3293.60009765625
2025-05-29,64.1500015258789,3317.10009765625
2025-05-30,63.900001525878906,3288.89990234375
2025-06-02,64.62999725341797,3370.60009765625
2025-06-03,65.62999725341797,3350.199951171875
2025-06-04,64.86000061035156,3373.5
2025-06-05,65.33999633789062,3350.699951171875
2025-06-06,66.47000122070312,3322.699951171875
2025-06-09,67.04000091552734,3332.10009765625
2025-06-10,66.87000274658203,3320.89990234375
2025-06-11,69.7699966430664,3321.300048828125
2025-06-12,69.36000061035156,3380.89990234375
2025-06-13,74.2300033569336,3431.199951171875
2025-06-16,73.2300033569336,3396.39990234375
2025-06-17,76.44999694824219,3386.60009765625
2025-06-18,76.69999694824219,3389.800048828125
2025-06-20,77.01000213623047,3368.10009765625
2025-06-23,71.4800033569336,3377.699951171875
2025-06-24,67.13999938964844,3317.39990234375
2025-06-25,67.68000030517578,3327.10009765625
2025-06-26,67.7300033569336,3333.5
2025-06-27,67.7699966430664,3273.699951171875
2025-06-30,67.61000061035156,3294.39990234375
2025-07-01,67.11000061035156,3336.699951171875
2025-07-02,69.11000061035156,3348.0
2025-07-03,68.80000305175781,3331.60009765625
2025-07-04,68.29000091552734,3332.5
2025-07-07,69.58000183105469,3332.199951171875
2025-07-08,70.1500015258789,3307.0
2025-07-09,70.19000244140625,3311.60009765625
2025-07-10,68.63999938964844,3317.39990234375
2025-07-11,70.36000061035156,3356.0
2025-07-14,69.20999908447266,3351.5
2025-07-15,68.70999908447266,3329.800048828125
2025-07-16,68.5199966430664,3352.5
2025-07-17,69.5199966430664,3340.10009765625
2025-07-18,69.27999877929688,3353.0
2025-07-21,69.20999908447266,3401.89990234375
2025-07-22,68.58999633789062,3439.199951171875
2025-07-23,68.51000213623047,3394.10009765625
2025-07-24,69.18000030517578,3371.0
2025-07-25,68.44000244140625,3334.0
2025-07-28,70.04000091552734,3309.10009765625
2025-07-29,72.51000213623047,3323.39990234375
2025-07-30,73.23999786376953,3295.800048828125
2025-07-31,72.52999877929688,3293.199951171875
2025-08-01,69.66999816894531,3347.699951171875
2025-08-04,68.76000213623047,3374.39990234375
2025-08-05,67.63999938964844,3381.89990234375
2025-08-06,66.88999938964844,3380.0
2025-08-07,66.43000030517578,3400.300048828125
2025-08-08,66.58999633789062,3439.10009765625
2025-08-11,66.62999725341797,3353.10009765625
2025-08-12,66.12000274658203,3348.89990234375
2025-08-13,65.62999725341797,3358.699951171875
2025-08-14,66.83999633789062,3335.199951171875
2025-08-15,65.8499984741211,3336.0
2025-08-18,66.5999984741211,3331.699951171875
2025-08-19,65.79000091552734,3313.39990234375
2025-08-20,66.83999633789062,3343.39990234375
2025-08-21,67.66999816894531,3336.89990234375
2025-08-22,67.7300033569336,3374.39990234375
2025-08-25,68.80000305175781,3373.800048828125
2025-08-26,67.22000122070312,3388.60009765625
2025-08-27,68.05000305175781,3404.60009765625
2025-08-28,68.62000274658203,3431.800048828125
2025-08-29,68.12000274658203,3473.699951171875
2025-09-02,69.13999938964844,3549.39990234375
2025-09-03,67.5999984741211,3593.199951171875
2025-09-04,66.98999786376953,3565.800048828125
2025-09-05,65.5,3613.199951171875
2025-09-08,66.0199966430664,3638.10009765625
2025-09-09,66.38999938964844,3643.300048828125
2025-09-10,67.48999786376953,3643.60009765625
2025-09-11,66.37000274658203,3636.89990234375
2025-09-12,66.98999786376953,3649.39990234375
2025-09-15,67.44000244140625,3682.199951171875
2025-09-16,68.47000122070312,3688.89990234375
2025-09-17,67.94999694824219,3681.800048828125
2025-09-18,67.44000244140625,3643.699951171875
2025-09-19,66.68000030517578,3671.5
2025-09-22,66.56999969482422,3740.699951171875
2025-09-23,67.62999725341797,3780.60009765625
2025-09-24,69.30999755859375,3732.10009765625
2025-09-25,69.41999816894531,3736.89990234375
2025-09-26,70.12999725341797,3775.300048828125
2025-09-29,67.97000122070312,3820.89990234375
2025-09-30,67.0199966430664,3840.800048828125
2025-10-01,65.3499984741211,3867.5
2025-10-02,64.11000061035156,3839.699951171875
2025-10-03,64.52999877929688,3880.800048828125
2025-10-06,65.47000122070312,3948.5
2025-10-07,65.44999694824219,3976.60009765625
2025-10-08,66.25,4043.300048828125
2025-10-09,65.22000122070312,3946.300048828125
2025-10-10,62.72999954223633,3975.89990234375
2025-10-13,63.31999969482422,4108.60009765625
2025-10-14,62.38999938964844,4138.7001953125
2025-10-15,61.90999984741211,4176.89990234375
2025-10-16,61.060001373291016,4280.2001953125
2025-10-17,61.290000915527344,4189.89990234375
2025-10-20,61.0099983215332,4336.39990234375
2025-10-21,61.31999969482422,4087.699951171875
2025-10-22,62.59000015258789,4044.39990234375
2025-10-23,65.98999786376953,4125.5
2025-10-24,65.94000244140625,4118.39990234375
2025-10-27,65.62000274658203,4001.89990234375
2025-10-28,64.4000015258789,3966.199951171875
2025-10-29,64.91999816894531,3983.699951171875
2025-10-30,65.0,4001.300048828125
2025-10-31,65.06999969482422,3982.199951171875
2025-11-03,64.88999938964844,4000.300048828125
2025-11-04,64.44000244140625,3947.699951171875
2025-11-05,63.52000045776367,3980.300048828125
2025-11-06,63.380001068115234,3979.89990234375
2025-11-07,63.630001068115234,3999.39990234375
2025-11-10,64.05999755859375,4111.7998046875
2025-11-11,65.16000366210938,4106.7998046875
2025-11-12,62.709999084472656,4204.39990234375
2025-11-13,63.0099983215332,4186.89990234375
2025-11-14,64.38999938964844,4087.60009765625
2025-11-17,64.19999694824219,4068.300048828125
2025-11-18,64.88999938964844,4061.300048828125
2025-11-19,63.5099983215332,4077.699951171875
2025-11-20,63.380001068115234,4056.5
2025-11-21,62.560001373291016,4076.699951171875
2025-11-24,63.369998931884766,4091.89990234375
2025-11-25,62.47999954223633,4139.2001953125
2025-11-26,63.130001068115234,4165.2001953125
2025-11-28,63.20000076293945,4218.2998046875
2025-12-01,63.16999816894531,4239.2998046875
2025-12-02,62.45000076293945,4186.60009765625
2025-12-03,62.66999816894531,4199.2998046875
2025-12-04,63.2599983215332,4211.7998046875
2025-12-05,63.75,4212.89990234375
2025-12-08,62.4900016784668,4187.2001953125
2025-12-09,61.939998626708984,4206.7001953125
2025-12-10,62.209999084472656,4196.39990234375
2025-12-11,61.279998779296875,4285.5
2025-12-12,61.119998931884766,4300.10009765625
2025-12-15,60.560001373291016,4306.7001953125
2025-12-16,58.91999816894531,4304.5
2025-12-17,59.68000030517578,4347.5
2025-12-18,59.81999969482422,4339.5
2025-12-19,60.470001220703125,4361.39990234375
2025-12-22,62.06999969482422,4444.60009765625
2025-12-23,62.380001068115234,4482.7998046875
2025-12-24,62.2400016784668,4480.60009765625
2025-12-26,60.63999938964844,4529.10009765625
2025-12-29,61.939998626708984,4325.10009765625
2025-12-30,61.91999816894531,4370.10009765625
2025-12-31,60.849998474121094,4325.60009765625
2026-01-02,60.75,4314.39990234375
2026-01-05,61.7599983215332,4436.89990234375
2026-01-06,60.70000076293945,4482.2001953125
2026-01-07,59.959999084472656,4449.2998046875
2026-01-08,61.9900016784668,4449.7001953125
2026-01-09,63.34000015258789,4490.2998046875
2026-01-12,63.869998931884766,4604.2998046875
2026-01-13,65.47000122070312,4589.2001953125
2026-01-14,66.5199966430664,4626.2998046875
2026-01-15,63.7599983215332,4616.2998046875
2026-01-16,64.12999725341797,4588.39990234375
2026-01-20,64.91999816894531,4759.60009765625
2026-01-21,65.23999786376953,4831.7998046875
2026-01-22,64.05999755859375,4908.7998046875
2026-01-23,65.87999725341797,4976.2001953125
2026-01-26,65.58999633789062,5079.7001953125
2026-01-27,67.56999969482422,5079.89990234375
2026-01-28,68.4000015258789,5301.60009765625
2026-01-29,70.70999908447266,5318.39990234375
2026-01-30,70.69000244140625,4713.89990234375
2026-02-02,66.30000305175781,4622.5
2026-02-03,67.33000183105469,4903.7001953125
2026-02-04,69.45999908447266,4920.39990234375
2026-02-05,67.55000305175781,4861.39990234375
2026-02-06,68.05000305175781,4951.2001953125
2026-02-09,69.04000091552734,5050.89990234375
2026-02-10,68.80000305175781,5003.7998046875
2026-02-11,69.4000015258789,5071.60009765625
2026-02-12,67.5199966430664,4923.7001953125
2026-02-13,67.75,5022.0
2026-02-17,67.41999816894531,4882.89990234375
2026-02-18,70.3499984741211,4986.5
2026-02-19,71.66000366210938,4975.89990234375
2026-02-20,71.76000213623047,5059.2998046875
2026-02-23,71.48999786376953,5204.7001953125
2026-02-24,70.7699966430664,5155.7998046875
2026-02-25,70.8499984741211,5206.39990234375
2026-02-26,70.75,5176.5
2026-02-27,72.4800033569336,5230.5
2026-03-02,77.73999786376953,5294.39990234375
2026-03-03,81.4000015258789,5107.39990234375
2026-03-04,81.4000015258789,5120.2001953125
2026-03-05,85.41000366210938,5065.2998046875
2026-03-06,92.69000244140625,5146.10009765625
2026-03-09,98.95999908447266,5091.5
2026-03-10,87.80000305175781,5229.7001953125
2026-03-11,91.9800033569336,5167.39990234375
2026-03-12,100.45999908447266,5115.7998046875
2026-03-13,103.13999938964844,5052.5
2026-03-16,100.20999908447266,4994.0
2026-03-17,103.41999816894531,5001.0
2026-03-18,107.37999725341797,4889.89990234375
2026-03-19,108.6500015258789,4600.7001953125
2026-03-20,112.19000244140625,4570.39990234375
2026-03-23,99.94000244140625,4404.10009765625
2026-03-24,104.48999786376953,4399.2998046875
2026-03-25,102.22000122070312,4549.7998046875
2026-03-26,108.01000213623047,4375.5
2026-03-27,112.56999969482422,4492.0
2026-03-30,112.77999877929688,4526.0
2026-03-31,118.3499984741211,4647.60009765625
2026-04-01,101.16000366210938,4783.2001953125
2026-04-02,109.02999877929688,4651.5
2026-04-06,109.7699966430664,4656.7998046875
2026-04-07,109.2699966430664,4657.10009765625
2026-04-08,94.75,4749.5
2026-04-09,95.91999816894531,4792.2001953125
2026-04-10,95.19999694824219,4761.89990234375
2026-04-13,99.36000061035156,4742.39990234375
2026-04-14,94.79000091552734,4825.0
2026-04-15,94.93000030517578,4800.0
2026-04-16,99.38999938964844,4785.39990234375
2026-04-17,90.37999725341797,4857.60009765625
2026-04-20,95.4800033569336,4806.60009765625
2026-04-21,98.4800033569336,4698.39990234375
2026-04-22,101.91000366210938,4732.5
2026-04-23,105.06999969482422,4705.10009765625
2026-04-24,105.33000183105469,4722.2998046875
2026-04-27,108.2300033569336,4675.39990234375
2026-04-28,111.26000213623047,4591.5
2026-04-29,118.02999877929688,4545.2001953125
2026-04-30,114.01000213623047,4614.7001953125
2026-05-01,108.16999816894531,4629.89990234375
2026-05-04,114.44000244140625,4519.5
2026-05-05,109.87000274658203,4555.7998046875
2026-05-06,101.2699966430664,4681.89990234375
2026-05-07,100.05999755859375,4699.7998046875
2026-05-08,101.29000091552734,4720.39990234375
2026-05-11,104.20999908447266,4718.7001953125
2026-05-12,107.7699966430664,4677.60009765625
2026-05-13,105.62999725341797,4697.7001953125
2026-05-14,105.72000122070312,4678.10009765625
2026-05-15,109.26000213623047,4555.7998046875
2026-05-18,112.0999984741211,4552.5
2026-05-19,111.27999877929688,4506.2998046875
2026-05-20,105.0199966430664,4531.2998046875
2026-05-21,102.58000183105469,4539.7998046875
2026-05-22,103.54000091552734,4521.0
